{"inputUnits":[63],"outputUnits":7,"inputs":{"0":{"dtype":"number","min":63.537575848929364,"max":609.1187007758618},"1":{"dtype":"number","min":180.91597167678344,"max":467.2566128988558},"2":{"dtype":"number","min":-0.0031098872423171997,"max":0.0008866116404533386},"3":{"dtype":"number","min":86.50232248949757,"max":578.0241324922758},"4":{"dtype":"number","min":203.96839669592603,"max":441.9979177226935},"5":{"dtype":"number","min":-19.167463302612305,"max":20.830669403076172},"6":{"dtype":"number","min":86.16366904848219,"max":559.7895615375623},"7":{"dtype":"number","min":182.43038116222186,"max":404.6491619365611},"8":{"dtype":"number","min":-30.258502960205078,"max":30.12217140197754},"9":{"dtype":"number","min":58.96277582461813,"max":563.2489099091695},"10":{"dtype":"number","min":152.43080546745017,"max":366.20365113134085},"11":{"dtype":"number","min":-37.669063568115234,"max":39.810916900634766},"12":{"dtype":"number","min":28.116061862166475,"max":571.5313799207295},"13":{"dtype":"number","min":123.3854288547264,"max":334.4212567940383},"14":{"dtype":"number","min":-49.3488655090332,"max":48.90641784667969},"15":{"dtype":"number","min":85.27387919600929,"max":600.1186063026229},"16":{"dtype":"number","min":136.30130466743034,"max":389.1395857963146},"17":{"dtype":"number","min":-65.76940155029297,"max":40.11486053466797},"18":{"dtype":"number","min":92.7681051816064,"max":579.7649360756518},"19":{"dtype":"number","min":99.48111003815737,"max":331.1195925993371},"20":{"dtype":"number","min":-65.12793731689453,"max":50.554752349853516},"21":{"dtype":"number","min":101.36105081514228,"max":555.3523850207467},"22":{"dtype":"number","min":75.92946158058837,"max":324.5226194891684},"23":{"dtype":"number","min":-60.833343505859375,"max":54.379337310791016},"24":{"dtype":"number","min":107.22510906304696,"max":530.1803731055018},"25":{"dtype":"number","min":46.92428385670193,"max":354.18555793882},"26":{"dtype":"number","min":-67.33745574951172,"max":55.51125717163086},"27":{"dtype":"number","min":61.30077735844687,"max":609.4233600765547},"28":{"dtype":"number","min":129.4474284660645,"max":394.5289971844155},"29":{"dtype":"number","min":-62.9670524597168,"max":36.78033447265625},"30":{"dtype":"number","min":50.73961393591685,"max":588.215579104358},"31":{"dtype":"number","min":83.69582435699232,"max":320.6000076007757},"32":{"dtype":"number","min":-73.42527770996094,"max":47.9705696105957},"33":{"dtype":"number","min":38.040488667985706,"max":567.2987797979093},"34":{"dtype":"number","min":40.66896717860955,"max":292.4247788024587},"35":{"dtype":"number","min":-62.79209518432617,"max":48.30830764770508},"36":{"dtype":"number","min":25.37297021945598,"max":572.3770283676033},"37":{"dtype":"number","min":6.776877588653335,"max":310.7467566341076},"38":{"dtype":"number","min":-68.82113647460938,"max":50.23867416381836},"39":{"dtype":"number","min":40.79912904186574,"max":610.2775439733797},"40":{"dtype":"number","min":114.9345348533489,"max":396.4247845832832},"41":{"dtype":"number","min":-56.126834869384766,"max":32.287933349609375},"42":{"dtype":"number","min":23.366298801766135,"max":594.8200774833016},"43":{"dtype":"number","min":83.5929874714332,"max":327.776733258321},"44":{"dtype":"number","min":-60.35888671875,"max":34.68996047973633},"45":{"dtype":"number","min":37.430995545777044,"max":595.4529143581942},"46":{"dtype":"number","min":42.20221614912974,"max":333.5237639902042},"47":{"dtype":"number","min":-59.866634368896484,"max":45.443721771240234},"48":{"dtype":"number","min":45.57472022986295,"max":594.0846530938644},"49":{"dtype":"number","min":10.200678497905116,"max":354.8147985305242},"50":{"dtype":"number","min":-68.60182189941406,"max":49.03315353393555},"51":{"dtype":"number","min":23.995393679667146,"max":608.7262501845487},"52":{"dtype":"number","min":101.80731827506972,"max":398.3000061606249},"53":{"dtype":"number","min":-52.46175765991211,"max":29.54720687866211},"54":{"dtype":"number","min":12.93937969736946,"max":611.6328552893004},"55":{"dtype":"number","min":103.37186541681938,"max":343.0297492987839},"56":{"dtype":"number","min":-52.1414794921875,"max":34.029701232910156},"57":{"dtype":"number","min":24.88713694546253,"max":611.272134184551},"58":{"dtype":"number","min":71.57552743729289,"max":350.1418047184417},"59":{"dtype":"number","min":-61.78807830810547,"max":41.521705627441406},"60":{"dtype":"number","min":33.446932335270866,"max":614.0225554363404},"61":{"dtype":"number","min":40.86112652492007,"max":365.53267548676234},"62":{"dtype":"number","min":-71.28981018066406,"max":45.192848205566406}},"outputs":{"label":{"dtype":"string","min":0,"max":1,"uniqueValues":["middle_finger","horns","ok","open_palm","fingers_crossed","peace",null],"legend":{"middle_finger":[1,0,0,0,0,0,0],"horns":[0,1,0,0,0,0,0],"ok":[0,0,1,0,0,0,0],"open_palm":[0,0,0,1,0,0,0],"fingers_crossed":[0,0,0,0,1,0,0],"peace":[0,0,0,0,0,1,0],"undefined":[0,0,0,0,0,0,1]}}},"isNormalized":true}